,Name,Ticker,Identifier
0,United Therapeutics Corporation,UTHR,91307C10
1,Vericel Corporation,VCEL,92346J10
2,Moderna Inc.,MRNA,60770K10
3,MannKind Corporation,MNKD,56400P70
4,Cytokinetics Incorporated,CYTK,23282W60
5,Intellia Therapeutics Inc.,NTLA,45826J10
6,CareDx Inc.,CDNA,14167L10
7,MacroGenics Inc.,MGNX,55609910
8,Halozyme Therapeutics Inc.,HALO,40637H10
9,Amgen Inc.,AMGN,03116210
10,Alexion Pharmaceuticals Inc.,ALXN,01535110
11,Deciphera Pharmaceuticals Inc.,DCPH,24344T10
12,Zentalis Pharmaceuticals Inc.,ZNTL,98943L10
13,Madrigal Pharmaceuticals Inc.,MDGL,55886810
14,Alkermes Plc,ALKS,G0176710
15,Agios Pharmaceuticals Inc.,AGIO,00847X10
16,Heron Therapeutics Inc,HRTX,42774610
17,Gilead Sciences Inc.,GILD,37555810
18,Incyte Corporation,INCY,45337C10
19,CEL-SCI Corporation,CVM,15083760
20,Exelixis Inc.,EXEL,30161Q10
21,Regeneron Pharmaceuticals Inc.,REGN,75886F10
22,BioMarin Pharmaceutical Inc.,BMRN,09061G10
23,Dicerna Pharmaceuticals Inc.,DRNA,25303110
24,Natera Inc.,NTRA,63230710
25,Sangamo Therapeutics Inc.,SGMO,80067710
26,Clovis Oncology Inc.,CLVS,18946410
27,Novavax Inc.,NVAX,67000240
28,AbbVie Inc.,ABBV,00287Y10
29,Exact Sciences Corporation,EXAS,30063P10
30,Intercept Pharmaceuticals Inc.,ICPT,45845P10
31,Vertex Pharmaceuticals Incorporated,VRTX,92532F10
32,Dynavax Technologies Corporation,DVAX,26815820
33,Neurocrine Biosciences Inc.,NBIX,64125C10
34,Apellis Pharmaceuticals Inc.,APLS,03753U10
35,Generation Bio Co.,GBIO,37148K10
36,OPKO Health Inc.,OPK,68375N10
37,Global Blood Therapeutics Inc,GBT,37890U10
38,Arrowhead Pharmaceuticals Inc.,ARWR,04280A10
39,Biogen Inc.,BIIB,09062X10
40,Celldex Therapeutics Inc.,CLDX,15117B20
41,G1 Therapeutics Inc.,GTHX,3621LQ10
42,uniQure N.V.,QURE,N9006410
43,Alnylam Pharmaceuticals Inc,ALNY,02043Q10
44,Seres Therapeutics Inc,MCRB,81750R10
45,Kura Oncology Inc.,KURA,50127T10
46,Curis Inc.,CRIS,23126920
47,Humanigen Inc,HGEN,44486320
48,Kodiak Sciences Inc.,KOD,50015M10
49,Ironwood Pharmaceuticals Inc. Class A,IRWD,46333X10
50,BioCryst Pharmaceuticals Inc.,BCRX,09058V10
51,Seagen Inc.,SGEN,81181C10
52,Arcus Biosciences Inc.,RCUS,03969F10
53,Twist Bioscience Corp.,TWST,90184D10
54,SAGE Therapeutics Inc.,SAGE,78667J10
55,Vir Biotechnology Inc.,VIR,92764N10
56,Veracyte Inc,VCYT,92337F10
57,Immunovant Inc,IMVT,45258J10
58,Myriad Genetics Inc.,MYGN,62855J10
59,Esperion Therapeutics Inc.,ESPR,29664W10
60,Ocugen Inc,OCGN,67577C10
61,Biohaven Pharmaceutical Holding Company Ltd.,BHVN,G1119610
62,Precigen Inc,PGEN,74017N10
63,Amicus Therapeutics Inc.,FOLD,03152W10
64,Springworks Therapeutics Inc.,SWTX,85205L10
65,Mersana Therapeutics Inc.,MRSN,59045L10
66,Allogene Therapeutics Inc.,ALLO,01977010
67,Translate Bio Inc.,TBIO,89374L10
68,Coherus BioSciences Inc.,CHRS,19249H10
69,Karuna Therapeutics Inc.,KRTX,48576A10
70,Replimune Group Inc.,REPL,76029N10
71,Ligand Pharmaceuticals Incorporated,LGND,53220K50
72,Iovance Biotherapeutics Inc,IOVA,46226010
73,Fate Therapeutics Inc.,FATE,31189P10
74,Insmed Incorporated,INSM,45766930
75,VBI Vaccines Inc.,VBIV,91822J10
76,Acceleron Pharma Inc,XLRN,00434H10
77,bluebird bio Inc.,BLUE,09609G10
78,ImmunoGen Inc.,IMGN,45253H10
79,Blueprint Medicines Corp.,BPMC,09627Y10
80,Inovio Pharmaceuticals Inc.,INO,45773H20
81,Arena Pharmaceuticals Inc.,ARNA,04004760
82,Relay Therapeutics Inc.,RLAY,75943R10
83,Allakos Inc.,ALLK,01671P10
84,Ultragenyx Pharmaceutical Inc.,RARE,90400D10
85,Vaxart Inc.,VXRT,92243A20
86,Akebia Therapeutics Inc.,AKBA,00972D10
87,Denali Therapeutics Inc.,DNLI,24823R10
88,Revolution Medicines Inc.,RVMD,76155X10
89,Sutro Biopharma Inc.,STRO,86936710
90,REGENXBIO Inc.,RGNX,75901B10
91,Mirati Therapeutics Inc.,MRTX,60468T10
92,Atara Biotherapeutics Inc,ATRA,04651310
93,Invitae Corp.,NVTA,46185L10
94,Rocket Pharmaceuticals Inc.,RCKT,77313F10
95,TCR2 Therapeutics Inc.,TCRR,87808K10
96,Sarepta Therapeutics Inc.,SRPT,80360710
97,TG Therapeutics Inc.,TGTX,88322Q10
98,ALX Oncology Holdings Inc.,ALXO,00166B10
99,Xencor Inc.,XNCR,98401F10
100,Chemocentryx Inc.,CCXI,16383L10
101,Ionis Pharmaceuticals Inc.,IONS,46222210
102,PTC Therapeutics Inc.,PTCT,69366J20
103,Black Diamond Therapeutics Inc.,BDTX,09203E10
104,BridgeBio Pharma Inc.,BBIO,10806X10
105,Kadmon Holdings Inc.,KDMN,48283N10
106,Arcturus Therapeutics Holdings Inc.,ARCT,03969T10
107,Editas Medicine Inc.,EDIT,28106W10
108,Karyopharm Therapeutics Inc.,KPTI,48576U10
109,Precision BioSciences Inc.,DTIL,74019P10
110,ACADIA Pharmaceuticals Inc.,ACAD,00422510
111,Rhythm Pharmaceuticals Inc.,RYTM,76243J10
112,Forma Therapeutics Holdings Inc.,FMTX,34633R10
113,Sorrento Therapeutics Inc.,SRNE,83587F20
114,Beam Therapeutics Inc.,BEAM,07373V10
115,Altimmune Inc.,ALT,02155H20
116,Constellation Pharmaceuticals Inc.,CNST,21037310
117,Travere Therapeutics Inc.,TVTX,89422G10
118,BioXcel Therapeutics Inc.,BTAI,09075P10
119,Athenex Inc.,ATNX,04685N10
120,DermTech Inc.,DMTK,24984K10
121,Alector Inc.,ALEC,01444210
122,Emergent BioSolutions Inc.,EBS,29089Q10
123,Adverum Biotechnologies Inc,ADVM,00773U10
124,IGM Biosciences Inc.,IGMS,44958510
125,Rigel Pharmaceuticals Inc.,RIGL,76655960
126,Nurix Therapeutics Inc.,NRIX,67080M10
127,Protagonist Therapeutics Inc.,PTGX,74366E10
128,Nkarta Inc.,NKTX,65487U10
129,Epizyme Inc.,EPZM,29428V10
130,Keros Therapeutics Inc.,KROS,49232710
131,Turning Point Therapeutics Inc.,TPTX,90041T10
132,Viking Therapeutics Inc.,VKTX,92686J10
133,Y-mAbs Therapeutics Inc.,YMAB,98424110
134,AnaptysBio Inc.,ANAB,03272410
135,Syndax Pharmaceuticals Inc,SNDX,87164F10
136,Cortexyme Inc.,CRTX,22053A10
137,Krystal Biotech Inc.,KRYS,50114710
138,Kymera Therapeutics Inc.,KYMR,50157510
139,Catalyst Pharmaceuticals Inc.,CPRX,14888U10
140,FibroGen Inc.,FGEN,31572Q80
141,ImmunityBio Inc,IBRX,45256X10
142,Agenus Inc.,AGEN,00847G70
143,Prelude Therapeutics Inc.,PRLD,74065P10
144,ZIOPHARM Oncology Inc.,ZIOP,98973P10
145,Enanta Pharmaceuticals Inc.,ENTA,29251M10
146,Vaxcyte Inc.,PCVX,92243G10
147,Radius Health Inc.,RDUS,75046920
148,Spectrum Pharmaceuticals Inc.,SPPI,84763A10
149,AlloVir Inc,ALVR,01981810
150,Scholar Rock Holding Corp.,SRRK,80706P10
151,Aldeyra Therapeutics Inc.,ALDX,01438T10
152,Vanda Pharmaceuticals Inc.,VNDA,92165910
153,Passage Bio Inc.,PASG,70271210
154,Albireo Pharma Inc.,ALBO,01345P10
155,ORIC Pharmaceuticals Inc,ORIC,68622P10
156,Gossamer Bio Inc.,GOSS,38341P10
157,CytomX Therapeutics Inc.,CTMX,23284F10
158,C4 Therapeutics Inc.,CCCC,12529R10
159,Anavex Life Sciences Corp.,AVXL,03279730
160,Ardelyx Inc.,ARDX,03969710
161,Akero Therapeutics Inc.,AKRO,00973Y10
162,Eagle Pharmaceuticals Inc.,EGRX,26979610
163,Avidity Biosciences Inc,RNA,05370A10
164,Arcutis Biotherapeutics Inc,ARQT,03969K10
165,Puma Biotechnology Inc.,PBYI,74587V10
166,Anika Therapeutics Inc.,ANIK,03525510
167,Geron Corporation,GERN,37416310
168,Praxis Precision Medicines Inc.,PRAX,74006W10
169,AVROBIO Inc,AVRO,05455M10
170,Shattuck Labs Inc.,STTK,82024L10
171,Stoke Therapeutics Inc.,STOK,86150R10
172,Kiniksa Pharmaceuticals Ltd. Class A,KNSA,G5269C10
173,Athersys Inc.,ATHX,04744L10
174,Chimerix Inc.,CMRX,16934W10
175,Flexion Therapeutics Inc.,FLXN,33938J10
176,IVERIC bio Inc.,ISEE,46583P10
177,Prothena Corp. Plc,PRTA,G7280010
178,Spero Therapeutics Inc.,SPRO,84833T10
179,PMV Pharmaceuticals Inc.,PMVP,69353Y10
180,Cerevel Therapeutics Holdings Inc,CERE,15678U12
181,Neoleukin Therapeutics Inc,NLTX,64049K10
182,Cue Biopharma Inc.,CUE,22978P10
183,iTeos Therapeutics Inc.,ITOS,46565G10
184,Frequency Therapeutics Inc.,FREQ,35803L10
185,AVITA Medical Inc.,RCEL,05380C10
186,Atreca Inc. Class A,BCEL,04965G10
187,Applied Molecular Transport Inc.,AMTI,03824M10
188,STATE STREET INSTITUTIONAL LIQ STATE STR,964WKM90,964WKM90
189,Annexon Inc.,ANNX,03589W10
190,KalVista Pharmaceuticals Inc.,KALV,48349710
191,ACHILLION PHARMACEUTICALS INC COMMON STO,004CVR03,004CVR03
192,U.S. Dollar,CASH_USD,CASH_USD
